stat,mean,median,stddev,min,max
area,0.500000,0.447012,0.143045,0.324127,0.977146
volume,0.500000,0.497243,0.143045,-0.100996,1.170579
aabb_volume,0.500000,0.466847,0.143045,0.291211,0.902209
compactness,0.500000,0.456600,0.143045,0.395700,1.725854
diameter,0.500000,0.441306,0.143045,0.303511,1.222035
eccentricity,0.500000,0.444756,0.143045,0.403085,1.818682
