stat,mean,median,stddev,min,max
num_faces,21698.031579,19407.000000,10900.782453,7170.000000,55644.000000
num_vertices,10850.547368,9704.500000,5450.266794,3587.000000,27824.000000
boundingbox_diagonal,1.332407,1.309964,0.186685,1.011454,2.176763
centroid_to_origin,0.000000,0.000000,0.000000,0.000000,0.000000
boundingbox_distance,0.074800,0.060445,0.059011,0.000002,0.327478
max_extent,1.028337,1.007379,0.061773,0.829163,1.361501
area,1.280361,0.948736,0.951215,0.128901,4.502097
