,feature,mean,std
0,area,1.167381996640498,0.7691229461101392
1,volume,-0.004627552677630339,0.10516557207717012
2,aabb_volume,0.24018082661727483,0.14767238751312867
3,compactness,1575.9630918096314,1606.4707863296408
4,diameter,1.0598976028081613,0.06792254604898376
5,eccentricity,17.509502999070925,19.98337662833831
