,feature,mean,std
0,area,1.2021177021253657,0.8724563504645942
1,volume,0.004770044425508041,0.1060927722273694
2,aabb_volume,0.24229520654444672,0.15975692140642747
3,compactness,1593.5562344785542,1955.6920887832891
4,diameter,1.0709061697140765,0.0824191679170497
5,eccentricity,18.512628522671605,25.460034788676644
