,feature,mean,deviation
0,area,3.50254097622106,14.643927519310324
1,volume,0.2832182069488161,2.4481050081209577
2,aabb_volume,1.2584496030317407,5.176321453036959
3,compactness,1575.9630918146986,11245.295504124197
4,diameter,1.8198326539053802,0.8088380646286237
5,eccentricity,17.50496980397485,139.85189541698574
