,feature,mean,std
0,area,3.5025409762210615,2.091989645615761
1,volume,0.28321820694881616,0.34972928687442245
2,aabb_volume,1.2584496030317407,0.7394744932909941
3,compactness,1575.9630918146988,1606.4707863034569
4,diameter,1.857795144235584,0.10386228988906239
5,eccentricity,17.504969803974845,19.97884220242652
