,feature,mean,std
0,area,1.2021177021253526,0.8724563504645576
1,volume,0.004770044425508035,0.10609277222736857
2,aabb_volume,0.24229520654444403,0.15975692140642261
3,compactness,1593.5562344785483,1955.6920887832887
4,diameter,1.0709061697079605,0.08241916790880643
5,eccentricity,18.51262852267171,25.460034788676708
