,feature,mean,std
0,area,1.2021177021253573,0.8724563504645649
1,volume,0.004770044425508112,0.10609277222736888
2,aabb_volume,0.2422952065444441,0.15975692140642261
3,compactness,1593.5562344785565,1955.6920887832814
4,diameter,1.0543732984693164,0.07839626798956896
5,eccentricity,18.512628522671672,25.460034788676698
