,feature,mean,std
0,area,3.50254097622106,2.0919896456157607
1,volume,0.2832182069488161,0.3497292868744225
2,aabb_volume,1.2584496030317407,0.7394744932909941
3,compactness,1575.9630918146986,1606.4707863034566
4,diameter,1.8577951442355838,0.10386228988906242
5,eccentricity,17.50496980397485,19.978842202426534
